{
	"plugin_name": "Calendar_Anime",
	"plugin_scope": "date",
	"plugin_exec": "date.js",
	"command_map": {
		"date": {
			"hargs": {
				"vi_VN": "",
				"en_US": ""
			},
			"hdesc": {
				"vi_VN": "",
				"en_US": ""
			},
			"fscope": "date",
			"compatibly": 0
		}
	},
	"author": "HerokeyVN, PikaruxHT(API)",
	"version": "2.0",
	"node_depends": {
		"luxon": "",
		"node-fetch": "*",
		"wait-for-stuff": "*",
		"fs": "*",
		"path": "*",
		"buffer": "*",
		"request": "*"
	},
	"complied_for": "0.5.0"
}